"art_code","product_id","canva_page","why"
"RK-010033-3050","14617","37","pg-yh-updated.xlsx names #14617 for Canva page 37; #31829 ""Krishna Flute Panorama"" carries the same code and keeps its letter"
"TP-050004-5030","229","141","pg-yh-updated.xlsx names #229 for Canva page 141; #8474 ""Divine Lord Balaji Temple"" carries the same code and keeps its letter"
"TP-050013-5030","15730","150","pg-yh-updated.xlsx names #15730 for Canva page 150; #31890 ""Lord Vishnu Golden Halo"" carries the same code and keeps its letter"
"LR-070005-5030","15913","161","pg-yh-updated.xlsx names #15913 for Canva page 161; #17543 ""Lord Balaji Idol"" carries the same code and keeps its letter"
"HD-080001-5030","8398","167","pg-yh-updated.xlsx names #8398 for Canva page 167; #26875 ""Mahavatar Babaji"" carries the same code and keeps its letter"
"LB-090001-3050","220","197","pg-yh-updated.xlsx names #220 for Canva page 197; #7839 ""Buddha Lotus Serenity"" carries the same code and keeps its letter"
"SL-150001-4030","7781","232","Canva page 232 (234 in the 29 Sep export) is the poppies on maroon: #7781 ""Luxurious Modern Floral Abstract Vase"". The owner's pg-yh-updated.xlsx had named #8805 ""Modern Cafe Decor Wall Art Set"", four cafe panels that are not this page; corrected in that workbook and here on 30 Sep. #8805 takes a temporary code"
"RK-010011-5030","33925","15","pg-yh-updated.xlsx names #33925 for Canva page 15; #7824 ""Bal Krishna Flute Canvas Wall Art – 60 x"" carries the same code from 26 Sep and keeps a letter"
"TA-210001-6030","34725","374","pg-yh-updated.xlsx names #34725 for Canva page 374; #8424 ""Divine Varanasi Ganga Aarti Canvas Wall"" carries the same code from 26 Sep and keeps a letter"
"TA-210002-6030","34732","375","pg-yh-updated.xlsx names #34732 for Canva page 375; #8494 ""Sacred Kedarnath Temple with Lord Shiva"" carries the same code from 26 Sep and keeps a letter"
"RK-010002-3050","11577","6","pg-yh-updated.xlsx names #11577 for Canva page 6; #11541 ""Premium Radha Krishna Love Wall Art (36"" and #11617 ""Radha-Krishna Canvas Wall Art 24x36 Inch"" carry the same code from 26 Sep and keep a letter"
"RK-010090-5030","34147","93","pg-yh-updated.xlsx names #34147 for this page, and it is its picture; #34003 ""Golden Krishna Temple Shrine Canvas Wall"" shows the same picture and carries the same code from 29 Sep, keeping a letter"
"LR-070004-5030","34243","160","pg-yh-updated.xlsx names #34243 for Canva page 160; #17212 ""Beautiful Lord Krishna Statue Canvas Wal"" carries the same code from 26 Sep and keeps a letter"
"RK-010044-5030","19453","47","#19453 ""Golden Krishna Flute Player Canvas Wall"" is the picture on this page (matched 26 Sep). #18600, which the owner's sheet named, shows a different golden Krishna and moved to RK-010040-5030 on 29 Sep"
"RK-010063-4030","34855","67","pg-yh-updated.xlsx names #34855 for Canva page 67; #24592 ""Veena Under Violet Moon Canvas Wall Art"" carries the same code from 26 Sep and keeps a letter"
"RK-010087-5030","24836","91","Canva page 91 (90 in the 29 Sep export) is Shiva and Parvati with Krishna and Radha blessing a young girl: #24836 ""Divine Blessings Gathering"". The owner's pg-yh-updated.xlsx had named #27325 ""Radha Krishna on the Branch"", a different artwork on no page; corrected in that workbook and here on 30 Sep. #27325 takes a temporary code"
"RK-010004-4040","18964","8","pg-yh-updated.xlsx names #18964 for Canva page 8; #33952 ""Radha Krishna Lotus Embrace Canvas Wall"" carries the same code from 29 Sep (its own page RK-010021-4030 was removed) and keeps a letter"
"AC-230001-0000","8604","","Canva Art Accessories Collection page for Stands (wooden easel stand) (added 29 Sep). No product is named for it, so the first product listed in the category, #8604 ""Premium Quality Adjustable Metal Easel S"", carries the plain code; #8607, #8610 keep letters"
"AC-230002-0000","8276","","Canva Art Accessories Collection page for Canvas Stretcher Bar (added 29 Sep). No product is named for it, so the first product listed in the category, #8276 ""Premium Pine Wood Canvas Stretcher Bars"", carries the plain code; #8337, #8386 keep letters"
"AC-230003-0000","8440","","Canva Art Accessories Collection page for Frame Sizes (added 29 Sep). No product is named for it, so the first product listed in the category, #8440 ""Large Landscape Canvas Print 3x4 ft | Cu"", carries the plain code; #8444, #8447, #8515 keep letters"
"AC-230004-0000","8846","","Canva Art Accessories Collection page for Frame Colour (added 29 Sep). No product is named for it, so the first product listed in the category, #8846 ""Premium Canvas Floating Frame Colors – L"", carries the plain code; #8849, #8853, #8856, #8859, #8862 keep letters"
"AC-230005-0000","8613","","Canva Art Accessories Collection page for Wooden Frame (added 29 Sep). No product is named for it, so the first product listed in the category, #8613 ""Premium Wood Canvas Frame – Stunning Gal"", carries the plain code; #8616, #8619 keep letters"
"AC-230006-0000","8571","","Canva Art Accessories Collection page for Premium Aluminium Frame (added 29 Sep). No product is named for it, so the first product listed in the category, #8571 ""Premium Aluminium Floating Frame for Can"", carries the plain code; #8576, #8579 keep letters"
"AC-230007-0000","8582","","Canva Art Accessories Collection page for Framed White Canvas (added 29 Sep). No product is named for it, so the first product listed in the category, #8582 ""Framed White Canvas Wall Art – Premium B"", carries the plain code; #8585, #8588 keep letters"
"AC-230008-0000","8591","","Canva Art Accessories Collection page for Canvas Roll (added 29 Sep). No product is named for it, so the first product listed in the category, #8591 ""Premium Canvas Roll For Printing– High-Q"", carries the plain code; #8594, #8597, #8601 keep letters"
"AC-230010-0000","8406","","Canva Art Accessories Collection page for DIY Canvas Stretcher Bars (added 29 Sep). No product is named for it, so the first product listed in the category, #8406 ""DIY Canvas Stretcher Bar Kit – Ready-to-"", carries the plain code; #8415, #8427 keep letters"
"AC-230011-0000","8518","","Canva Art Accessories Collection page for DIY Floating Frames (added 29 Sep). No product is named for it, so the first product listed in the category, #8518 ""DIY Floating Frame for Canvas Prints – M"", carries the plain code; #8521, #8526, #8529 keep letters"
"PA-120001-4030","34305","218","pg-yh-updated.xlsx names #34305 for this page, and it is its picture; #7769 ""Divine Shrinathji Canvas Wall Art – Stun"" shows the same picture and carries the same code from 29 Sep, keeping a letter"
"RK-010097-3020","13355","100","duplicate deleted 29 Sep: #34164 (the page's picture) and #13355 showed the same picture; #13355's main image is the larger (1600x1842 vs 1390x1600), so it stays and carries the code"
"RK-010040-5030","18600","43","duplicate deleted 29 Sep: #33993 and #18600 showed the same picture; #18600's main image is the larger (1500x2400 vs 1000x1600), so it stays and carries the code"
"TP-050008-5030","34214","145","pg-yh-updated.xlsx names #34214 for this page, and it is its picture; #33945 ""Balaji Starlit Devotee Canvas Wall Art 3"" shows the same picture and carries the same code from 29 Sep, keeping a letter"
"WL-170001-4030","34601","261","duplicate deleted 29 Sep: #7767 showed a landscape crop of this picture, #34601 the whole artwork, so #34601 stays and carries the code"
"SL-150004-5030","34345","237","Canva page 237 is #34345's picture, ""Translucent Poppy Trio""; the gift card #14600 shows the same painting in its photo and shares the code from 30 Sep, keeping a letter"
"RK-010008-3040","7819","12","Canva page 12 is #7819's picture, ""Sleeping Baby Krishna""; #22505 ""Sleeping Krishna Art"" shows the same painting flipped left to right and shares the code from 30 Sep, keeping a letter"
"CO-240006-0000","28778","","Personal Pic files CO-240006-0000 as the stage dancer; #28778 ""Dancer on Stage"" carries it from 30 Sep. #33294 ""Dance Duet On Stage"" shares it from 3 Oct (owner), with the file as its picture, keeping a letter"
