art_code,page,name,categories,subcategory,size_label,brochure_sizes,caption,image
LS-030013-5030,117,Shiva and Parvati in Watercolour,All Art Prints|Deals & Discounts|Digital Canvas Prints,Lord Shiva,3×5 ft (36×60 in),5 ft (H) * 3 ft (B); 4 ft (H) * 3 ft (B),"A mesmerizing artistic portrayal of Lord Shiva and Goddess Parvati, their serene faces blending into a vibrant watercolor composition. Rich colors, floral accents, and graceful details beautifully symbolize divine love, harmony, and the eternal union of masculine and feminine energy",p117-LS-030013-5030.jpg
LS-030014-5030,118,The Cosmic Dance in Flame,All Art Prints|Deals & Discounts|Digital Canvas Prints,Lord Shiva,3×5 ft (36×60 in),5 ft (H) * 3 ft (B); 4 ft (H) * 3 ft (B),"A breathtaking depiction of Lord Shiva and Goddess Parvati performing the divine cosmic dance, surrounded by radiant flames and celestial light. Set against a mesmerizing universe, the artwork symbolizes the eternal balance of creation, destruction, love, and cosmic harmony",p118-LS-030014-5030.jpg
LS-030015-5030,119,Tandava Among the Planets,All Art Prints|Deals & Discounts|Digital Canvas Prints,Lord Shiva,3×5 ft (36×60 in),5 ft (H) * 3 ft (B); 4 ft (H) * 3 ft (B),"A powerful depiction of Lord Shiva and Goddess Parvati performing the cosmic Tandava dance, surrounded by celestial planets, lightning, and divine energy, symbolizing creation and destruction.",p119-LS-030015-5030.jpg
SH-040010-4030,132,Galloping Herd in Red and Amber,All Art Prints|Deals & Discounts|Digital Canvas Prints|Abstract Art,Seven Horses,3×4 ft (36×48 in),4 ft (H) * 3 ft (B); 3 ft (H) * 2 ft (B),"A vibrant abstract artwork depicting a powerful herd of galloping horses in rich shades of red, orange, black, brown, and ivory. Bold geometric forms, dynamic movement, and warm earthy tones create a dramatic composition that symbolizes freedom, strength, and energy.",p132-SH-040010-4030.jpg
SH-040011-3060,133,Seven White Horses at Sunrise,All Art Prints|Deals & Discounts|Digital Canvas Prints,Seven Horses,3×5 ft (36×60 in),3 ft (H) * 6 ft (B); 3 ft (H) * 4 ft (B),"A breathtaking scene of seven majestic white horses galloping across a sunlit landscape, their flowing manes and powerful stride symbolizing strength, freedom, success, and unstoppable energy.",p133-SH-040011-3060.jpg
SH-040012-5030,134,White Horses with Flame Manes,All Art Prints|Deals & Discounts|Digital Canvas Prints,Seven Horses,3×5 ft (36×60 in),5 ft (H) * 3 ft (B); 4 ft (H) * 3 ft (B),"A herd of white horses with golden, flame-like manes gallops through a golden sky beneath a glowing sun, surrounded by blooming orange and yellow flowers.",p134-SH-040012-5030.jpg
TP-050007-3050,144,Vishnu Reclining in the Temple,All Art Prints|Deals & Discounts|Digital Canvas Prints|Hindu Deities,Tirupati Balaji,3×5 ft (36×60 in),3 ft (H) * 5 ft (B); 2 ft (H) * 3 ft (B),"The image of Lord Vishnu in a resting form symbolizes peace, divine protection, and stability, bringing harmony and positive energy as per Vastu.",p144-TP-050007-3050.jpg
TP-050008-5030,145,Venkateswara in Golden Light,All Art Prints|Deals & Discounts|Digital Canvas Prints|Hindu Deities,Tirupati Balaji,3×5 ft (36×60 in),5 ft (H) * 3 ft (B); 4 ft (H) * 2 ft (B),"This image of Lord Venkateswara radiates divine grace and abundance, attracting prosperity, devotion, and spiritual upliftment as per Vastu.",p145-TP-050008-5030.jpg
TP-050014-6030,151,Venkateswara with Goddess Lakshmi,All Art Prints|Deals & Discounts|Digital Canvas Prints|Hindu Deities,Tirupati Balaji,3×5 ft (36×60 in),6 ft (H) * 3 ft (B); 4 ft (H) * 2 ft (B),"A beautiful devotional artwork featuring Lord Venkateswara (Balaji) standing majestically behind Goddess Lakshmi, who is seated on a blooming lotus showering prosperity and blessings. Adorned with vibrant flower garlands, golden ornaments, and traditional temple décor, the sacred scene symbolizes divine grace, wealth, and spiritual abundance",p151-TP-050014-6030.jpg
TP-050015-6030,152,Venkateswara Garlanded in the Shrine,All Art Prints|Deals & Discounts|Digital Canvas Prints|Hindu Deities,Tirupati Balaji,3×5 ft (36×60 in),6 ft (H) * 3 ft (B); 4 ft (H) * 2 ft (B),"Lord Venkateshwara idol adorned with intricate gold jewelry, elegant silk garments, and vibrant flower garlands, radiating divine grace and spiritual serenity in a sacred temple setting.",p152-TP-050015-6030.jpg
MG-060003-5030,155,Murugan Beside His Peacock,All Art Prints|Deals & Discounts|Digital Canvas Prints,Hindu Deities,3×5 ft (36×60 in),5 ft (H) * 3 ft (B); 4 ft (H) * 3 ft (B),"A stunning devotional artwork of Lord Murugan standing beside his peacock in a beautifully illuminated temple, symbolizing courage, wisdom, and divine protection.",p155-MG-060003-5030.jpg
MG-060004-5030,156,"Shanmukha, Murugan of Six Faces",All Art Prints|Deals & Discounts|Digital Canvas Prints,Hindu Deities,3×5 ft (36×60 in),5 ft (H) * 3 ft (B); 4 ft (H) * 3 ft (B),"A magnificent devotional artwork of Lord Murugan in his six-faced form (Shanmukha), standing before a grand temple under a moonlit sky, symbolizing courage, wisdom, and divine protection.",p156-MG-060004-5030.jpg
LR-070004-5030,160,Lord Rama Garlanded in Flowers,All Art Prints|Deals & Discounts|Digital Canvas Prints,Hindu Deities,3×5 ft (36×60 in),5 ft (H) * 3 ft (B); 4 ft (H) * 3 ft (B),"A divine depiction of Lord Rama radiating grace and devotion, symbolizing unwavering faith and spiritual strength.",p160-LR-070004-5030.jpg
LR-070007-5030,163,Ram Lala in the Carved Shrine,All Art Prints|Deals & Discounts|Digital Canvas Prints,Hindu Deities,3×5 ft (36×60 in),5 ft (H) * 3 ft (B); 4 ft (H) * 2.5 ft (B),"A beautifully adorned Ram Lala idol stands majestically in a richly carved temple shrine, decorated with vibrant flower garlands, intricate gold ornaments, and sacred offerings, creating a serene and devotional atmosphere.",p163-LR-070007-5030.jpg
LR-070008-5030,164,Lord Rama in Red and Gold,All Art Prints|Deals & Discounts|Digital Canvas Prints,Hindu Deities,3×5 ft (36×60 in),5 ft (H) * 3 ft (B); 4 ft (H) * 2.5 ft (B),"A magnificent statue of Lord Rama stands adorned in vibrant red attire, intricate gold ornaments, and fragrant flower garlands. Surrounded by a beautifully decorated floral arch and traditional offerings, the divine image radiates strength, righteousness, and spiritual grace",p164-LR-070008-5030.jpg
LR-070009-5030,165,Lord Rama Beneath the Temple Arch,All Art Prints|Deals & Discounts|Digital Canvas Prints,Hindu Deities,3×5 ft (36×60 in),5 ft (H) * 3 ft (B); 4 ft (H) * 2.5 ft (B),"A majestic idol of Lord Rama stands beneath an ornate temple arch, adorned in traditional white and gold attire, jeweled ornaments, and fragrant floral garlands. Holding his sacred bow with a raised hand in blessing, the artwork radiates divine strength, righteousness, and serene devotion",p165-LR-070009-5030.jpg
LR-070010-3050,166,Ram Darbar,All Art Prints|Deals & Discounts|Digital Canvas Prints,Hindu Deities,3×5 ft (36×60 in),3 ft (H) * 5 ft (B); 2.5 ft (H) * 4 ft (B),"Ram Darbar — Lord Rama and Sita enthroned beneath a golden canopy, Lakshmana and Bharata attending with chowries, and Hanuman kneeling in devotion at their feet.",p166-LR-070010-3050.jpg
HD-080009-5030,175,Surya on the Seven-Horse Chariot,All Art Prints|Deals & Discounts|Digital Canvas Prints,Hindu Deities,3×5 ft (36×60 in),5 ft (H) * 3 ft (B); 4 ft (H) * 2 ft (B),"Lord Surya rising in golden light, a lotus in each hand, drawn across the sky by the seven horses of his chariot with Aruna at the reins.",p175-HD-080009-5030.jpg
HD-080014-5030,180,Veer Hanuman Triumphant,All Art Prints|Deals & Discounts|Digital Canvas Prints,Hindu Deities,3×5 ft (36×60 in),5 ft (H) * 3 ft (B); 3 ft (H) * 2 ft (B),"A many-armed Veer Hanuman standing triumphant over vanquished demons, weapons raised and mace at his side, blazing with the light of devotion and strength.",p180-HD-080014-5030.jpg
HD-080018-5030,184,Lakshmi on the Lotus,All Art Prints|Deals & Discounts|Digital Canvas Prints,Hindu Deities,3×5 ft (36×60 in),5 ft (H) * 3 ft (B); 3 ft (H) * 2 ft (B),Awaken divine abundance — let prosperity and peace bloom within you.,p184-HD-080018-5030.jpg
HD-080019-5030,185,"Durga, Lakshmi, Kali and Saraswati",All Art Prints|Deals & Discounts|Digital Canvas Prints,Hindu Deities,3×5 ft (36×60 in),5 ft (H) * 3 ft (B); 4 ft (H) * 3 ft (B),"Divine goddesses Durga, Lakshmi, Kali, and Saraswati united in a mythic Hindu tableau.",p185-HD-080019-5030.jpg
LB-090012-6030,208,Buddha in Golden Watercolour,All Art Prints|Deals & Discounts|Digital Canvas Prints,Buddha,3×5 ft (36×60 in),6 ft (H) * 3 ft (B); 4 ft (H) * 2 ft (B),"Serene Buddha in golden watercolor, merging with a Bodhi leaf.",p208-LB-090012-6030.jpg
PA-120001-4030,216,Krishna with Cows in Pichwai,All Art Prints|Deals & Discounts|Digital Canvas Prints,Pichwai Art,3×4 ft (36×48 in),4 ft (H) * 3 ft (B); 3.5 ft (H) * 2 ft (B),Krishna with cows in Pichwai art symbolizes prosperity and devotion; placing in north or northeast attracts abundance and peace.,p216-PA-120001-4030.jpg
IC-130004-3040,220,Woman by the River,All Art Prints|Deals & Discounts|Digital Canvas Prints,Indian Culture,3×4 ft (36×48 in),3 ft (H) * 4 ft (B); 2 ft (H) * 3 ft (B),"This image of a woman in a serene natural landscape symbolizes prosperity, hard work, and connection to nature, bringing balance and abundance as per Vastu.",p220-IC-130004-3040.jpg
LC-140003-4030,224,Misty Cliffs and a Radiant Sun,All Art Prints|Deals & Discounts|Digital Canvas Prints,Landscapes,3×4 ft (36×48 in),4 ft (H) * 3 ft (B); 3 ft (H) * 2 ft (B),"A breathtaking surreal landscape featuring misty cliffs and a radiant sun over calm waters — ideal for promoting tranquility, luxury interiors, and nature-inspired elegance.",p224-LC-140003-4030.jpg
LC-140004-4030,225,Fiery Twilight Over the Forest,All Art Prints|Deals & Discounts|Digital Canvas Prints,Landscapes,3×4 ft (36×48 in),4 ft (H) * 3 ft (B); 3 ft (H) * 2 ft (B),Embrace the magic of twilight — where fiery skies meet serene forests in a symphony of color and calm.,p225-LC-140004-4030.jpg
LC-140005-5030,226,Egrets Under a Pink Moon,All Art Prints|Deals & Discounts|Digital Canvas Prints,Landscapes,3×5 ft (36×60 in),5 ft (H) * 3 ft (B); 4 ft (H) * 3 ft (B),White egrets on a branch under a soft pink moon over misty waters.,p226-LC-140005-5030.jpg
LC-140007-4030,228,Sunrise in Minimal Tones,All Art Prints|Deals & Discounts|Digital Canvas Prints,Landscapes,3×4 ft (36×48 in),4 ft (H) * 3 ft (B); 3 ft (H) * 2 ft (B),Embrace the calm of nature's palette — where minimalism meets the warmth of sunrise.,p228-LC-140007-4030.jpg
LC-140008-3020,229,Pines Beneath a Golden Sun,All Art Prints|Deals & Discounts|Digital Canvas Prints,Landscapes,3×2 ft (36×24 in),3 ft (H) * 2 ft (B); 2 ft (H) * 1 ft (B),Where nature meets imagination — art that breathes tranquility.,p229-LC-140008-3020.jpg
LC-140010-5030,231,Circles and Tree Silhouettes,All Art Prints|Deals & Discounts|Digital Canvas Prints|Abstract Art,Landscapes,3×5 ft (36×60 in),5 ft (H) * 3 ft (B); 4 ft (H) * 3 ft (B),"A modern abstract artwork blending geometric shapes, delicate tree silhouettes, and earthy tones to create a calm and contemporary nature-inspired composition.",p231-LC-140010-5030.jpg
AA-200003-4030,357,Geometric Face in Earthy Tones,All Art Prints|Deals & Discounts|Digital Canvas Prints,Abstract Art,3×4 ft (36×48 in),4 ft (H) * 3 ft (B); 3 ft (H) * 2 ft (B),A striking abstract portrait blending bold geometry and warm earthy tones — perfect for promoting modern art collections and contemporary interior design elegance.,p357-AA-200003-4030.jpg
AA-200004-4030,358,The Figure in Shadow and Light,All Art Prints|Deals & Discounts|Digital Canvas Prints,Abstract Art,3×4 ft (36×48 in),4 ft (H) * 3 ft (B); 3 ft (H) * 2 ft (B),Where mystery meets elegance — art that speaks in shadows and light.,p358-AA-200004-4030.jpg
AA-200005-4040,359,Two Faces in Geometry,All Art Prints|Deals & Discounts|Digital Canvas Prints,Abstract Art,2.5×3 ft (30×36 in),4 ft (H) * 4 ft (B); 3 ft (H) * 3 ft (B),Celebrate the harmony of love and art — where emotion takes shape in every bold geometric line.,p359-AA-200005-4040.jpg
AA-200007-4030,361,Golden Tree in Abstract,All Art Prints|Deals & Discounts|Digital Canvas Prints,Abstract Art,3×4 ft (36×48 in),4 ft (H) * 3 ft (B); 3 ft (H) * 2 ft (B),Where nature and art meet — bringing balance to every space.,p361-AA-200007-4030.jpg
AA-200008-4030,362,Figures in Colour,All Art Prints|Deals & Discounts|Digital Canvas Prints,Abstract Art,3×4 ft (36×48 in),4 ft (H) * 3 ft (B); 3 ft (H) * 2 ft (B),Walk into the art of connection — where colors tell human stories.,p362-AA-200008-4030.jpg
AA-200012-5030,366,Layered Hills and Golden Suns,All Art Prints|Deals & Discounts|Digital Canvas Prints,Abstract Art,3×5 ft (36×60 in),5 ft (H) * 3 ft (B); 4 ft (H) * 3 ft (B),"A minimalist abstract landscape featuring layered hills, delicate botanical silhouettes, warm golden circular forms, and elegant vertical lines, creating a serene contemporary composition inspired by Japanese design.",p366-AA-200012-5030.jpg
AA-200013-4030,367,Terracotta Geometry,All Art Prints|Deals & Discounts|Digital Canvas Prints,Abstract Art,3×4 ft (36×48 in),4 ft (H) * 3 ft (B); 3 ft (H) * 2 ft (B),"A contemporary abstract artwork featuring layered geometric shapes, earthy terracotta tones, delicate botanical elements, and minimalist black lines for a warm, modern aesthetic.",p367-AA-200013-4030.jpg
AA-200014-5030,368,Woman and the Blue Bird,All Art Prints|Deals & Discounts|Digital Canvas Prints,Abstract Art,3×5 ft (36×60 in),5 ft (H) * 3 ft (B); 4 ft (H) * 3 ft (B),"A striking abstract portrait of a woman blended with a soaring blue bird, featuring flowing blue watercolor textures and luxurious gold accents that symbolize freedom, transformation, and inner strength.",p368-AA-200014-5030.jpg
AA-200015-4040,369,Gold and Black with a Metal Vase,All Art Prints|Deals & Discounts|Digital Canvas Prints,Abstract Art,2.5×3 ft (30×36 in),4 ft (H) * 4 ft (B); 3 ft (H) * 3 ft (B),"A modern abstract artwork featuring geometric gold and black shapes with a minimalist vase of metallic leaves, creating a sophisticated contemporary design.",p369-AA-200015-4040.jpg
AA-200017-5030,371,Earthy Circles and Botanicals,All Art Prints|Deals & Discounts|Digital Canvas Prints,Abstract Art,3×5 ft (36×60 in),5 ft (H) * 3 ft (B); 4 ft (H) * 2.5 ft (B),"A modern abstract artwork featuring earthy-toned circles, delicate botanical elements, and flowing lines, creating a calm and elegant contemporary design.",p371-AA-200017-5030.jpg
AA-200018-5030,372,Serene Face with Botanicals,All Art Prints|Deals & Discounts|Digital Canvas Prints,Abstract Art,3×5 ft (36×60 in),5 ft (H) * 3 ft (B); 4 ft (H) * 2.5 ft (B),"A modern abstract artwork featuring a serene face, earthy botanical elements, and warm neutral tones, creating a peaceful and contemporary aesthetic.",p372-AA-200018-5030.jpg
AA-200019-5030,373,Three Women Carrying Fruit,All Art Prints|Deals & Discounts|Digital Canvas Prints,Abstract Art,3×5 ft (36×60 in),5 ft (H) * 3 ft (B); 4 ft (H) * 2.5 ft (B),"A modern abstract artwork depicting three graceful women carrying bowls of fruit on their heads, rendered in flowing silhouettes and warm, vibrant colors that celebrate elegance, strength, and cultural tradition.",p373-AA-200019-5030.jpg
TA-210001-6030,374,The Ghats of Varanasi,All Art Prints|Deals & Discounts|Digital Canvas Prints|Indian Culture,Landscapes,3×5 ft (36×60 in),6 ft (H) * 3 ft (B); 5 ft (H) * 3 ft (B),"The sacred ghats of Varanasi glow with timeless devotion, where flickering lamps meet flowing waters, symbolizing faith, renewal, and the eternal rhythm of life.",p374-TA-210001-6030.jpg
TA-210002-6030,375,Kedarnath in Lamplight,All Art Prints|Deals & Discounts|Digital Canvas Prints|Indian Culture,Landscapes,3×5 ft (36×60 in),6 ft (H) * 3 ft (B); 5 ft (H) * 3 ft (B),"Kedarnath glows with countless lamps, set against the Himalayas, symbolizing faith, devotion, and the eternal presence of the divine.",p375-TA-210002-6030.jpg
